<?xml version="1.0" encoding="UTF-8" ?>
<extension type="package" version="3.7" method="upgrade">
	<name>Chinese (Traditional) Language Pack</name>
	<packagename>zh-TW</packagename>
	<version>3.8.0.1</version>
	<creationDate>September 2017</creationDate>
	<author>Joomla! Taiwan User Community</author>
	<authorEmail>eddy@joomla.com.tw</authorEmail>
	<authorUrl>www.joomla.org.tw</authorUrl>
	<copyright>Copyright (C) 2005 - 2017 Open Source Matters. All rights reserved.</copyright>
  <license>GNU General Public License version 2 or later; see LICENSE.txt</license>
	<url>https://github.com/joomla/joomla-cms</url>
	<packager>Joomla! Project</packager>
	<packagerurl>www.joomla.org</packagerurl>
	<description>
      <![CDATA[Joomla! v3.8.0.1 Traditional Chinese (Taiwan) Language Package]]>
   </description>
	<blockChildUninstall>true</blockChildUninstall>
	<files>
    <file type="language" client="administrator" id="zh-TW">admin_zh-TW.zip</file>
		<file type="language" client="site" id="zh-TW">site_zh-TW.zip</file>
	</files>
	<updateservers>
		<server type="collection" priority="1" name="Accredited Joomla! Translations">
			https://update.joomla.org/language/translationlist_3.xml
		</server>
	</updateservers>
</extension>
