<?xml version="1.0" encoding="utf-8"?>
<metafile version="3.7" client="site">
	<name>Chinese Simplified (zh-CN)</name>
	<version>3.8.0.1</version>
	<creationDate>2017年9月</creationDate>
	<author>Joomla!中文社区(www.ijoomla.cn) - 周永建 </author>
	<authorEmail>zhou_yongjian@hotmail.com</authorEmail>
	<authorUrl>www.ijoomla.cn</authorUrl>
	<copyright>版权所有 (C) 2017 Joomla!中文社区 最靠谱的中文翻译 </copyright>
	<license>GNU General Public License version 2 or later; see LICENSE.txt</license>
	<description><![CDATA[zh-CN 网站前台简体中文语言 ]]></description>
	<metadata>
		<name>Chinese Simplified (zh-CN)</name>
		<nativeName>简体中文(中国)</nativeName>
		<tag>zh-CN</tag>
		<rtl>0</rtl>
		<locale>zh_CN.utf8, zh_CN.UTF-8, zh, zho, zhi, zh_CN, zho_CN, zhi_CN, chn_CN, cn, simplified_chinese</locale>
		<firstDay>1</firstDay>
		<weekEnd>0,6</weekEnd>
		<calendar>gregorian</calendar>
	</metadata>
	<params />
</metafile>
