<?xml version="1.0" encoding="utf-8" ?>
<extension version="3.8" client="site" type="language" method="upgrade">
    <name>Italian (Italy)</name>
    <tag>it-IT</tag>
    <version>3.8.3.1</version>
    <creationDate>12 December 2017</creationDate>
    <author>Italian Translation Team</author>
	<authoremail>info@joomla.it</authoremail>
	<authorurl>http://www.joomla.it</authorurl>
    <copyright>Copyright (C) 2005 - 2017 Open Source Matters and Joomla.it. All rights reserved</copyright>
    <license>GNU General Public License version 2 or later; see LICENSE.txt</license>
	<description>Italian site language pack for Joomla! 3.8</description>
	<files>
		<folder>/</folder>
		<filename file="meta">install.xml</filename>
	</files>
	<params />
</extension>
