<?xml version="1.0" encoding="utf-8"?>
<extension version="3.7" client="administrator" type="language" method="upgrade">
	<name>Norwegian Bokmal (nb-NO)</name>
	<tag>nb-NO</tag>
	<version>3.7.4.1</version>
	<creationDate>July 2017</creationDate>
	<author>Norsk Joomla!</author>
	<authorEmail>nobody@norskjoomla.no</authorEmail>
	<authorUrl>www.norskjoomla.no</authorUrl>
	<copyright>Copyright (C) 2005 - 2017 Open Source Matters. All rights reserved.</copyright>
	<license>GNU General Public License version 2 or later; see LICENSE.txt</license>
	<description>nb-NO administrator language</description>
	<files>
		<folder>/</folder>
		<filename file="meta">install.xml</filename>
	</files>
	<params />
</extension>
