<?xml version="1.0" encoding="utf-8"?>
<metafile version="3.8" client="site">
	<name>Danish (da-DK)</name>
	<version>3.8.3.1</version>
	<creationDate>December 2017</creationDate>
	<author>Danish Translation Team (Transl.: Mikael Winther, Ronny Buelund, Ole Bang Ottosen)</author>
	<authorEmail>dansk@danskjoomla.dk</authorEmail>
	<authorUrl>http://www.danskjoomla.dk</authorUrl>
	<copyright>Copyright (C) 2005 - 2017 Open Source Matters. All rights reserved.</copyright>
	<license>GNU General Public License version 2 or later; see LICENSE.txt</license>
	<description><![CDATA[Danish language pack for Joomla! 3.3]]></description>
	<metadata>
		<name>Danish (da-DK)</name>
		<nativeName>Danish (DK)</nativeName>
		<tag>da-DK</tag>
		<rtl>0</rtl>
		<locale>da_DK.utf8, da_DK.UTF-8, da_DK.UTF-8@euro, Danish_Standard,danish, da_DK, dan_DK, da</locale>
		<firstDay>1</firstDay>
		<weekEnd>0,6</weekEnd>
		<calendar>gregorian</calendar>
	</metadata>
	<params />
</metafile>
