<?xml version="1.0" encoding="UTF-8" ?>
<extension type="package" version="3.8" method="upgrade">
	<name>Polish (Poland) (pl-PL) Language Pack</name>
	<packagename>pl-PL</packagename>
	<version>3.8.3.1</version>
	<creationDate>grudzień 2017</creationDate>
	<author>Polskie Centrum Joomla</author>
	<authorEmail>zwiastun@joomla.pl</authorEmail>
	<authorUrl>http://www.joomla.pl</authorUrl>
	<copyright>Copyright (C) 2005 - 2017 Open Source Matters, Inc. All rights reserved.</copyright>
	<license>https://www.gnu.org/licenses/gpl-2.0.html GNU/GPL</license>
	<url>https://github.com/joomla/joomla-cms</url>
	<packager>Joomla! Project</packager>
	<packagerurl>www.joomla.org</packagerurl>
	<description>	<![CDATA[
		<div class="text-center span12"> 
		<h3>Joomla! - pakiet języka polskiego - 3.8.3</h3>
		<p><span style="font-weight: normal">Polskie Centrum Joomla zapewnia społeczności kompletne tłumaczenia Joomla!<br />Ich przygotowanie kosztuje wiele czasu i pracy.</span></p>
		<div class="alert alert-info">
		<h3>Wspieramy Ciebie, więc wesprzyj i nas.</h3>
		<h3>Przekaż darowiznę przez:</h3>
		<a class="btn btn-success" href="http://bit.ly/paypal-fundacjapcj">PayPal</a>	
		<a class="btn btn-success" href="http://bit.ly/przekaz-darowizne-payu">PayU</a> 
		<a class="btn btn-info" href="http://bit.ly/przekaz-darowizne-pcj">Przelew bankowy</a>
		<p>&nbsp;</p>
		</div>
		</div>
	]]></description>
	<blockChildUninstall>true</blockChildUninstall>
	<files>
		<folder type="language" client="site" id="pl-PL">site_pl-PL</folder>
		<folder type="language" client="administrator" id="pl-PL">admin_pl-PL</folder>
	</files>
	<updateservers>
		<server type="collection" priority="1" name="Accredited Joomla! Translations">
			https://update.joomla.org/language/translationlist_3.xml
		</server>
	</updateservers>
</extension>
