<?xml version="1.0" encoding="UTF-8" ?>
<extension type="package" version="3.8" method="upgrade">
	<name>Nederlands (nl-NL) taalpakket</name>
	<packagename>nl-NL</packagename>
	<version>3.8.3.1</version>
	<creationDate>December 2017</creationDate>
	<author>Dutch Translation Team</author>
	<authorEmail>taal@joomlacommunity.nl</authorEmail>
	<authorUrl>http://joomlacode.org/gf/project/nederlands/</authorUrl>
	<copyright>Copyright (C) 2005 - 2017 Open Source Matters, Inc. All rights reserved.</copyright>
	<license>https://www.gnu.org/licenses/gpl-2.0.html GNU/GPL</license>
	<url>https://github.com/joomla/joomla-cms</url>
	<packager>Joomla! Project</packager>
	<packagerurl>www.joomla.org</packagerurl>
	<description><![CDATA[Nederlands taalpakket]]></description>
	<blockChildUninstall>true</blockChildUninstall>
	<files>
		<folder type="language" client="site" id="nl-NL">site_nl-NL</folder>
		<folder type="language" client="administrator" id="nl-NL">admin_nl-NL</folder>
	</files>
	<updateservers>
		<server type="collection" priority="1" name="Accredited Joomla! Translations">
			https://update.joomla.org/language/translationlist_3.xml
		</server>
	</updateservers>
</extension>
